{
  "y_mean": 0.8661571741104126,
  "y_std": 0.3922264873981476
}